temperature_c,humidity_pct,soil_moisture_pct,rainfall_mm,leaf_wetness_hours,crop_type,growth_stage,disease_risk
21.63,78.4,50.57,50.92,14.43,Rice,Flowering,High
23.74,85.19,48.28,36.11,13.36,Potato,Seedling,High
14.9,35.69,29.47,7.12,6.2,Tomato,Seedling,Low
20.16,85.8,61.28,0.93,10.64,Maize,Vegetative,High
30.79,64.44,40.6,2.69,10.71,Wheat,Vegetative,Moderate
34.69,86.66,53.78,32.59,17.02,Wheat,Flowering,Moderate
17.59,56.49,64.29,5.57,6.78,Wheat,Flowering,Moderate
21.45,52.67,26.83,11.6,5.86,Potato,Vegetative,Low
24.84,91.8,38.2,17.41,18.6,Maize,Vegetative,High
26.68,43.34,45.17,32.32,7.11,Tomato,Maturity,Moderate
20.14,86.63,47.86,3.0,16.26,Wheat,Vegetative,High
27.54,60.33,40.95,13.04,9.91,Potato,Vegetative,Moderate
22.16,62.53,37.2,16.59,10.4,Tomato,Seedling,Moderate
24.91,47.52,36.41,19.46,9.32,Wheat,Flowering,Low
28.28,66.83,62.72,42.64,10.77,Wheat,Flowering,High
25.04,48.74,47.52,4.71,8.27,Wheat,Vegetative,Low
22.38,27.87,39.77,41.23,5.48,Rice,Seedling,Low
24.34,44.86,23.78,29.51,5.81,Maize,Flowering,Low
24.47,25.47,18.67,20.29,5.63,Rice,Flowering,Moderate
22.78,96.42,30.18,30.06,16.2,Rice,Vegetative,High
23.45,95.5,50.11,13.28,15.54,Maize,Maturity,High
34.59,53.85,51.11,3.72,6.36,Wheat,Seedling,Low
28.37,78.17,56.44,27.4,16.87,Rice,Vegetative,High
23.23,50.24,37.88,18.59,10.6,Rice,Maturity,Moderate
29.18,73.99,49.37,25.5,14.87,Rice,Vegetative,High
23.0,83.8,46.63,10.31,13.24,Tomato,Flowering,High
32.04,94.11,59.69,59.34,14.17,Wheat,Vegetative,High
27.22,54.22,49.34,22.13,13.54,Maize,Vegetative,Moderate
24.36,82.18,36.71,2.23,13.12,Maize,Maturity,High
27.69,44.41,40.76,14.94,6.25,Wheat,Vegetative,Low
15.57,97.29,68.24,35.3,17.93,Maize,Maturity,High
18.24,26.88,26.6,39.51,8.34,Wheat,Vegetative,Low
17.84,69.06,54.63,17.06,11.74,Wheat,Vegetative,Moderate
25.86,73.14,77.4,56.28,16.69,Potato,Seedling,High
35.4,75.23,49.05,7.79,14.54,Potato,Flowering,High
38.39,33.79,37.45,13.22,3.82,Tomato,Vegetative,Low
28.83,93.51,50.02,57.22,16.09,Rice,Maturity,High
28.01,38.23,37.1,56.65,10.48,Wheat,Vegetative,High
14.19,70.46,52.79,28.94,7.1,Maize,Maturity,Low
21.74,41.26,38.45,48.97,8.42,Rice,Seedling,Low
20.27,47.43,28.77,2.32,4.83,Wheat,Maturity,Low
21.27,64.89,48.02,50.06,11.59,Rice,Flowering,High
23.99,55.46,56.8,9.66,8.69,Wheat,Flowering,Moderate
22.17,36.7,39.16,4.91,5.37,Potato,Flowering,Moderate
13.12,37.48,44.61,6.84,5.19,Rice,Flowering,Low
29.49,55.52,39.84,13.53,7.27,Maize,Flowering,Moderate
18.56,80.28,59.61,7.23,17.74,Rice,Seedling,High
26.44,90.55,59.01,9.66,18.64,Maize,Seedling,High
37.44,31.14,22.95,3.63,2.82,Maize,Maturity,Low
19.48,53.7,44.66,8.78,12.14,Wheat,Flowering,High
12.0,32.32,23.01,21.23,5.29,Potato,Flowering,Low
23.28,26.21,24.16,14.58,5.08,Tomato,Vegetative,Moderate
31.61,73.31,51.22,10.64,12.06,Potato,Seedling,Moderate
36.75,68.98,50.56,34.31,11.2,Potato,Seedling,Moderate
17.62,36.9,22.87,55.99,10.29,Maize,Flowering,Moderate
27.98,42.07,47.37,35.35,8.51,Potato,Vegetative,Moderate
22.21,26.73,36.41,10.09,3.76,Wheat,Vegetative,Low
24.36,85.95,47.33,34.11,12.62,Wheat,Vegetative,High
40.87,96.15,43.09,4.12,13.78,Wheat,Seedling,High
15.98,34.89,32.51,3.49,2.45,Rice,Flowering,Low
26.52,41.9,32.3,10.6,7.19,Rice,Vegetative,Moderate
27.81,88.39,56.49,41.22,13.53,Rice,Flowering,High
31.51,92.63,53.42,7.07,14.6,Tomato,Vegetative,High
25.59,55.63,22.18,1.63,11.71,Rice,Vegetative,Moderate
26.85,28.7,27.59,3.53,7.14,Rice,Seedling,Low
22.65,27.88,28.09,48.93,6.51,Maize,Seedling,Low
26.61,66.9,53.1,25.11,11.62,Wheat,Vegetative,Moderate
22.94,53.68,34.49,7.3,12.66,Tomato,Vegetative,High
28.73,27.09,47.62,20.26,6.25,Wheat,Flowering,Low
22.78,67.58,27.91,18.75,10.97,Potato,Vegetative,High
27.26,25.83,43.44,26.64,2.43,Tomato,Flowering,Low
24.82,82.48,50.75,6.64,14.27,Wheat,Maturity,Moderate
,47.37,47.54,49.95,11.4,Wheat,Flowering,Moderate
24.69,27.94,31.97,9.25,3.61,Tomato,Seedling,Low
14.36,67.95,58.58,29.62,12.74,Tomato,Vegetative,Moderate
32.57,54.03,37.74,0.41,7.94,Tomato,Seedling,Low
19.57,96.09,47.45,11.66,15.51,Tomato,Vegetative,High
21.08,64.73,60.1,10.84,5.85,Wheat,Maturity,Low
21.43,45.09,36.9,19.6,7.62,Rice,Seedling,Low
33.25,76.79,52.93,1.89,14.31,Wheat,Vegetative,Moderate
12.19,44.82,50.28,39.03,7.6,Potato,Flowering,Low
42.0,91.01,46.08,6.14,14.93,Maize,Flowering,Moderate
31.34,52.35,46.9,28.26,8.09,Rice,Flowering,Low
26.34,65.14,40.16,40.64,12.9,Wheat,Seedling,Moderate
24.67,28.69,30.16,20.63,5.05,Rice,Vegetative,Moderate
26.71,56.11,43.17,33.76,8.56,Rice,Vegetative,High
28.13,85.76,39.3,27.11,17.56,Tomato,Seedling,High
28.87,83.81,45.74,10.98,15.74,Maize,Vegetative,High
28.33,41.38,50.06,41.37,7.2,Potato,Seedling,Low
25.54,41.5,45.46,8.73,8.01,Rice,Seedling,Moderate
23.82,84.66,53.24,21.17,15.54,Wheat,Vegetative,High
24.09,92.92,59.6,34.2,17.63,Tomato,Seedling,High
23.83,31.96,29.84,11.91,2.24,Tomato,Flowering,Moderate
31.8,57.85,56.71,9.02,11.66,Maize,Flowering,Moderate
28.56,49.63,37.85,15.37,7.47,Tomato,Flowering,Low
12.0,88.56,57.74,42.59,15.3,Rice,Vegetative,Moderate
28.94,31.1,43.9,66.45,13.13,Maize,Seedling,Moderate
26.17,40.41,28.39,19.69,7.92,Rice,Seedling,Low
24.89,79.93,67.56,27.08,13.19,Wheat,Flowering,High
22.67,28.74,16.19,58.4,2.71,Wheat,Flowering,Low
31.74,60.96,60.68,2.59,12.64,Wheat,Seedling,Moderate
30.69,57.27,39.18,6.6,6.76,Maize,Maturity,Moderate
20.36,49.41,37.34,30.85,7.23,Rice,Seedling,Low
27.44,53.8,22.62,43.4,9.82,Maize,Vegetative,Low
19.17,63.69,40.93,48.63,15.13,Potato,Flowering,High
16.72,36.78,24.31,13.41,8.01,Wheat,Maturity,Low
21.24,66.76,40.63,2.34,10.47,Rice,Flowering,Moderate
30.17,83.8,52.15,14.4,14.65,Tomato,Flowering,High
30.72,80.49,61.77,6.56,11.96,Wheat,Vegetative,High
28.08,36.23,36.57,8.6,6.45,Wheat,Flowering,Low
29.35,35.9,37.43,36.99,7.49,Rice,Seedling,Low
28.1,44.58,26.88,1.96,9.15,Wheat,Maturity,Low
21.15,51.36,31.74,43.95,12.05,Potato,Vegetative,Moderate
27.59,54.82,59.91,13.95,10.36,Tomato,Flowering,High
29.8,74.62,42.5,22.66,12.19,Maize,Vegetative,High
29.53,29.14,48.22,2.35,6.25,Potato,Flowering,Low
32.13,27.53,28.58,10.29,4.67,Tomato,Vegetative,Low
29.25,53.61,41.47,2.35,6.52,Wheat,Flowering,Moderate
27.11,75.89,61.06,81.46,14.86,Potato,Seedling,High
31.42,39.12,48.37,41.16,8.21,Maize,Seedling,Moderate
24.84,71.83,47.62,15.39,13.98,Tomato,Vegetative,Moderate
19.71,43.97,33.7,6.33,6.94,Potato,Seedling,Low
24.02,89.68,55.31,67.75,14.86,Rice,Maturity,High
20.53,90.39,59.53,10.56,15.03,Wheat,Vegetative,High
20.95,46.7,47.59,4.39,7.89,Wheat,Maturity,Low
24.13,41.79,36.76,20.7,7.95,Rice,Vegetative,Low
20.25,55.03,48.2,71.96,13.76,Tomato,Seedling,High
23.15,42.56,53.41,0.1,8.85,Potato,Flowering,Low
13.64,74.08,53.45,6.8,10.96,Wheat,Flowering,Low
26.28,85.3,57.24,69.7,15.43,Maize,Vegetative,High
25.01,74.14,34.47,4.69,9.98,Rice,Flowering,Moderate
20.1,85.18,27.76,3.0,15.16,Wheat,Flowering,High
28.96,53.98,45.48,21.11,12.45,Wheat,Vegetative,Moderate
30.63,36.41,33.62,49.48,7.34,Rice,Maturity,Low
15.35,78.87,46.4,16.21,12.84,Potato,Maturity,Moderate
20.42,51.31,42.96,130.37,16.78,Rice,Flowering,Moderate
20.39,74.0,49.0,28.42,14.08,Maize,Seedling,Moderate
19.36,44.76,49.18,1.92,8.12,Tomato,Flowering,Moderate
29.98,30.93,33.23,123.45,7.91,Rice,Seedling,Low
23.84,97.46,51.51,13.1,17.52,Potato,Seedling,High
23.41,36.4,44.46,8.47,4.33,Potato,Vegetative,Low
12.98,97.15,56.69,20.4,14.16,Rice,Vegetative,High
28.81,96.34,63.8,9.07,15.11,Rice,Maturity,Moderate
17.56,82.95,48.41,2.26,12.2,Rice,Flowering,Moderate
25.36,73.14,42.76,0.04,11.26,Rice,Flowering,High
26.66,67.18,47.71,14.93,8.51,Wheat,Vegetative,Moderate
33.16,88.23,55.42,45.33,17.99,Maize,Vegetative,Moderate
17.15,46.13,43.25,21.23,10.55,Maize,Vegetative,Low
12.0,59.14,40.97,178.5,13.29,Wheat,Maturity,Moderate
26.1,70.22,29.72,8.45,13.56,Rice,Seedling,Low
35.8,55.02,37.68,8.23,7.54,Potato,Maturity,Low
32.43,56.21,50.42,4.35,10.9,Wheat,Flowering,Low
26.26,49.11,36.67,4.48,7.91,Wheat,Vegetative,Low
22.05,66.19,44.01,8.39,11.01,Rice,Flowering,Moderate
29.84,87.09,64.7,39.36,15.27,Potato,Vegetative,High
19.16,39.71,28.76,59.05,11.33,Wheat,Maturity,High
27.86,93.21,41.86,92.31,16.43,Maize,Maturity,High
28.03,75.3,48.52,6.61,13.55,Tomato,Vegetative,High
31.36,85.1,49.2,53.28,18.12,Wheat,Vegetative,High
41.56,65.6,36.58,9.95,12.36,Tomato,Flowering,Moderate
27.35,81.9,51.01,2.99,17.88,Rice,Maturity,High
21.95,26.18,35.39,51.01,5.34,Maize,Vegetative,Moderate
24.85,84.74,53.8,25.27,16.57,Maize,Flowering,Moderate
14.39,27.93,34.24,4.5,4.45,Maize,Flowering,Low
20.83,89.96,74.12,14.05,17.47,Wheat,Flowering,High
22.54,97.41,55.54,8.47,15.94,Tomato,Seedling,Moderate
21.86,46.47,41.37,33.37,8.1,Rice,Flowering,Low
25.91,40.35,31.05,15.1,9.72,Wheat,Maturity,Low
20.07,80.87,43.89,113.39,16.86,Wheat,Seedling,High
31.73,43.47,31.54,1.41,4.19,Maize,Vegetative,Low
25.0,88.19,50.49,10.96,13.55,Maize,Maturity,High
24.94,32.51,36.6,16.44,7.15,Wheat,Seedling,Low
23.03,34.19,57.17,17.49,9.01,Maize,Maturity,Low
25.93,96.48,51.43,9.49,16.07,Wheat,Vegetative,Moderate
29.95,74.19,45.51,32.66,15.92,Maize,Vegetative,High
19.8,86.82,54.1,51.94,13.42,Wheat,Maturity,High
21.05,48.68,43.43,69.81,9.92,Maize,Vegetative,Moderate
23.18,74.38,52.39,40.88,13.09,Rice,Vegetative,Moderate
16.92,68.38,60.19,47.52,12.77,Potato,Vegetative,Moderate
20.08,69.03,23.35,19.99,12.08,Wheat,Flowering,Moderate
22.14,74.82,26.06,43.7,15.24,Rice,Seedling,Moderate
30.25,67.0,41.84,9.04,10.22,Wheat,Vegetative,Moderate
26.58,56.32,53.5,12.71,9.84,Potato,Maturity,Low
26.16,45.14,22.4,9.53,7.54,Potato,Vegetative,Low
30.11,81.11,22.37,15.75,11.81,Rice,Flowering,High
24.18,41.52,42.32,8.41,6.78,Maize,Vegetative,Low
27.34,75.54,52.65,81.5,15.32,Tomato,Flowering,High
24.38,42.03,25.91,9.38,6.8,Maize,Seedling,Moderate
26.59,70.65,38.4,2.58,11.48,Maize,Maturity,High
21.5,79.54,42.12,18.71,13.69,Wheat,Vegetative,High
12.0,40.97,37.49,1.47,5.75,Wheat,Vegetative,Low
24.19,29.38,25.49,2.93,7.37,Potato,Seedling,Low
33.54,34.56,38.77,6.19,3.46,Potato,Seedling,Low
,69.24,19.15,15.61,10.31,Maize,Vegetative,High
30.79,87.01,46.24,14.2,20.1,Rice,Vegetative,High
32.42,28.28,20.05,40.2,4.19,Rice,Flowering,Low
25.53,78.59,48.87,33.63,11.32,Tomato,Vegetative,High
26.18,49.92,34.59,13.89,10.06,Potato,Vegetative,Moderate
21.29,59.93,51.95,10.15,5.87,Potato,Flowering,Moderate
23.1,92.81,38.53,9.51,14.79,Tomato,Flowering,High
28.69,49.23,40.15,37.18,13.78,Maize,Seedling,Moderate
32.22,58.97,49.17,1.34,6.4,Wheat,Seedling,Low
24.16,26.0,48.97,0.32,0.21,Wheat,Seedling,Low
22.3,30.96,27.57,39.69,3.67,Potato,Flowering,Low
25.0,43.88,40.8,16.21,9.52,Maize,Flowering,Low
28.61,27.03,12.77,3.51,6.73,Wheat,Vegetative,Low
16.34,71.09,24.52,6.72,10.64,Wheat,Flowering,Moderate
12.0,56.13,50.9,67.39,13.26,Maize,Flowering,High
21.7,65.01,45.95,49.06,15.3,Wheat,Flowering,High
17.68,37.75,46.88,30.93,10.95,Wheat,Maturity,Low
21.95,46.6,24.91,16.46,7.68,Maize,Vegetative,Low
24.11,73.46,54.58,18.37,7.94,Maize,Seedling,Low
22.28,95.47,76.88,92.47,17.63,Maize,Vegetative,High
33.71,28.68,35.67,84.37,7.38,Wheat,Seedling,Low
26.96,90.0,58.77,6.06,14.14,Tomato,Vegetative,High
26.8,67.11,46.93,41.66,12.16,Wheat,Maturity,Moderate
28.73,66.17,30.76,5.49,13.06,Rice,Seedling,Moderate
18.17,61.52,58.16,6.01,12.65,Tomato,Seedling,High
31.23,30.07,25.92,28.18,5.69,Maize,Vegetative,Low
24.55,31.56,37.67,12.98,7.81,Tomato,Maturity,Low
29.02,68.87,31.92,67.04,14.63,Maize,Vegetative,Moderate
18.57,49.89,28.16,2.33,8.21,Maize,Vegetative,Low
15.68,91.96,71.14,17.91,17.3,Wheat,Seedling,Moderate
29.91,54.68,38.4,62.69,11.6,Rice,Seedling,Moderate
27.26,35.46,48.72,58.61,12.32,Rice,Maturity,High
19.59,77.17,50.09,4.26,9.66,Wheat,Maturity,Moderate
19.78,46.41,20.15,11.42,6.89,Potato,Seedling,Low
31.75,63.36,54.26,24.13,10.93,Rice,Maturity,High
17.86,75.94,44.48,4.34,13.22,Potato,Flowering,High
34.86,90.72,63.27,86.07,20.77,Maize,Maturity,Moderate
19.6,82.83,53.38,61.55,15.87,Tomato,Vegetative,High
28.83,74.37,34.32,4.57,9.25,Maize,Vegetative,Moderate
23.03,74.61,51.49,3.23,13.76,Maize,Vegetative,High
28.62,94.05,79.58,2.23,16.65,Rice,Flowering,High
21.74,46.6,43.57,60.04,6.17,Wheat,Seedling,Low
24.02,25.08,29.46,5.38,4.24,Tomato,Seedling,Low
25.25,44.85,48.69,13.46,4.58,Rice,Vegetative,Low
18.99,40.91,38.47,14.89,5.86,Wheat,Flowering,Low
29.44,73.31,51.42,22.85,10.91,Maize,Vegetative,High
21.92,71.26,37.59,1.86,13.1,Wheat,Flowering,Moderate
23.63,68.32,49.67,6.43,11.44,Potato,Maturity,Moderate
19.03,26.19,40.83,67.02,4.52,Potato,Seedling,Low
12.0,78.2,42.92,59.76,16.86,Potato,Flowering,High
23.85,48.62,53.69,38.0,6.55,Rice,Vegetative,Low
39.48,73.55,48.5,0.49,12.45,Wheat,Maturity,Low
29.71,65.63,37.37,9.9,9.3,Potato,Seedling,Moderate
24.88,50.02,49.98,24.72,8.34,Rice,Flowering,Moderate
23.42,34.82,31.06,8.05,6.93,Potato,Flowering,Low
25.13,31.89,40.35,60.08,8.74,Potato,Maturity,Moderate
28.28,85.7,51.36,25.12,17.47,Potato,Flowering,High
17.92,92.04,56.22,1.87,14.64,Rice,Vegetative,Moderate
31.69,72.43,53.91,59.92,14.79,Rice,Flowering,High
29.29,32.55,35.93,79.11,7.75,Potato,Maturity,Moderate
29.31,54.35,21.78,2.02,9.15,Rice,Flowering,Low
27.63,78.21,40.07,19.0,14.21,Wheat,Seedling,High
25.12,81.93,62.06,9.04,13.3,Maize,Maturity,Low
29.04,33.63,32.13,12.47,2.31,Potato,Flowering,Low
28.55,25.0,24.76,4.95,4.88,Maize,Flowering,Low
22.88,76.99,37.21,21.57,13.98,Maize,Vegetative,High
21.56,51.03,29.62,79.24,10.23,Wheat,Flowering,Moderate
25.61,43.58,17.21,17.48,5.16,Maize,Vegetative,Low
34.29,25.94,29.36,2.16,7.2,Potato,Flowering,Low
17.57,64.44,39.79,24.19,12.34,Wheat,Seedling,Low
16.19,87.13,45.19,10.4,13.93,Maize,Flowering,Moderate
25.99,94.91,57.28,48.44,15.01,Potato,Maturity,High
25.31,66.3,50.16,14.26,9.58,Tomato,Seedling,Moderate
26.04,62.56,65.95,5.36,12.85,Maize,Maturity,High
26.46,31.21,17.36,5.3,5.5,Tomato,Vegetative,Low
23.66,65.07,57.62,36.61,10.89,Rice,Maturity,High
33.94,52.74,50.83,7.72,9.79,Rice,Flowering,Low
15.39,69.32,39.94,36.44,11.04,Tomato,Flowering,High
20.03,53.38,43.38,5.76,11.79,Tomato,Flowering,Moderate
24.38,42.54,32.44,9.7,9.93,Potato,Maturity,Low
15.14,31.93,34.63,15.66,4.85,Potato,Vegetative,Low
23.94,47.99,54.29,71.7,9.52,Maize,Vegetative,Moderate
34.97,32.06,38.88,67.11,2.79,Maize,Flowering,Low
25.13,37.91,40.25,5.79,3.35,Tomato,Flowering,Moderate
26.38,97.08,54.53,11.09,13.33,Maize,Flowering,High
17.44,57.42,28.13,4.05,9.63,Tomato,Flowering,Moderate
21.3,63.83,43.45,17.83,10.33,Tomato,Vegetative,High
22.75,,67.58,15.43,12.18,Potato,Flowering,High
23.09,97.68,43.8,57.76,17.56,Rice,Seedling,High
32.69,67.54,36.46,66.48,14.69,Rice,Vegetative,High
28.35,84.31,54.99,12.1,15.07,Wheat,Seedling,Moderate
18.33,48.87,29.7,16.92,4.75,Maize,Vegetative,Low
26.48,47.32,31.0,56.64,9.76,Wheat,Vegetative,Moderate
27.99,54.4,37.52,41.09,7.71,Rice,Vegetative,Low
31.84,74.09,35.98,0.09,13.66,Maize,Flowering,Moderate
34.48,74.8,40.18,9.64,13.95,Rice,Vegetative,Moderate
18.91,48.01,46.24,13.69,6.48,Maize,Vegetative,Low
20.13,34.72,20.82,6.52,4.31,Wheat,Vegetative,Low
17.45,71.16,32.49,5.57,10.7,Wheat,Vegetative,High
23.6,34.37,27.45,0.96,1.03,Tomato,Vegetative,Low
27.8,67.23,54.21,25.78,12.54,Rice,Seedling,Moderate
30.92,75.62,48.28,7.61,11.88,Wheat,Flowering,High
24.54,76.14,45.81,1.34,14.18,Maize,Flowering,High
23.08,80.0,52.44,6.57,10.89,Tomato,Flowering,High
25.91,88.72,38.03,40.48,14.71,Wheat,Vegetative,High
19.99,61.5,49.55,47.68,8.89,Maize,Vegetative,Moderate
37.54,78.31,55.16,16.5,11.23,Wheat,Maturity,Moderate
15.35,70.2,43.99,13.45,9.45,Wheat,Vegetative,Moderate
26.11,38.62,45.51,95.25,12.29,Maize,Vegetative,Moderate
37.14,26.88,19.48,5.6,3.15,Maize,Seedling,Low
25.04,45.77,49.59,6.06,7.83,Maize,Vegetative,Low
23.86,57.34,44.48,8.63,8.79,Tomato,Vegetative,High
22.86,70.05,44.65,4.74,8.87,Potato,Vegetative,Moderate
23.92,87.05,54.62,11.93,14.11,Maize,Flowering,High
33.24,39.33,34.66,60.43,10.1,Rice,Vegetative,Moderate
12.0,34.17,45.87,23.89,4.08,Tomato,Flowering,Low
34.2,95.33,47.37,13.27,17.45,Rice,Flowering,Moderate
16.46,32.89,25.53,68.11,6.51,Rice,Flowering,Low
23.4,59.93,54.33,1.24,8.68,Wheat,Flowering,Moderate
22.42,67.75,41.14,5.9,12.16,Wheat,Maturity,Moderate
28.53,64.52,54.81,20.86,9.9,Potato,Seedling,Moderate
15.41,31.28,49.51,23.9,6.11,Tomato,Seedling,Low
27.77,29.16,27.65,1.01,4.08,Maize,Seedling,Low
37.15,32.7,39.89,12.9,6.05,Rice,Flowering,Low
16.82,67.75,35.56,26.19,7.21,Wheat,Maturity,Low
26.14,64.74,53.44,29.94,7.99,Wheat,Vegetative,Moderate
21.03,42.06,38.82,25.41,9.06,Rice,Maturity,Low
27.56,71.56,53.35,9.66,13.94,Maize,Seedling,Moderate
25.11,84.86,47.49,2.45,11.86,Tomato,Maturity,Moderate
21.15,28.04,14.6,13.93,4.6,Maize,Vegetative,Low
27.93,61.36,49.58,3.45,10.56,Rice,Seedling,Moderate
35.83,75.32,29.49,73.73,16.63,Potato,Vegetative,High
23.85,43.42,34.19,16.12,3.59,Tomato,Vegetative,Low
29.32,47.47,48.4,9.54,6.24,Maize,Vegetative,Low
17.24,69.8,49.84,36.34,12.07,Maize,Vegetative,Moderate
19.26,90.55,75.7,17.23,16.64,Rice,Flowering,High
27.83,84.12,63.9,9.28,18.86,Wheat,Vegetative,High
33.9,67.57,40.49,41.78,12.16,Rice,Vegetative,Low
27.13,78.31,51.6,50.46,11.9,Tomato,Flowering,High
23.12,51.63,40.18,27.95,10.27,Wheat,Flowering,Moderate
25.0,71.79,32.89,1.2,14.18,Wheat,Vegetative,Moderate
17.5,59.03,34.21,20.89,10.56,Wheat,Vegetative,Moderate
28.63,38.87,29.94,36.02,5.96,Wheat,Seedling,Low
30.29,76.23,30.13,3.67,14.27,Potato,Seedling,High
22.29,65.62,46.72,6.49,12.11,Tomato,Flowering,High
22.18,51.18,37.98,53.53,8.45,Rice,Seedling,Moderate
26.6,91.53,39.88,0.51,15.43,Wheat,Vegetative,High
22.38,26.53,34.65,34.93,7.75,Rice,Flowering,Moderate
24.6,48.05,46.38,16.05,10.75,Rice,Seedling,Low
37.6,29.15,33.93,14.8,5.17,Wheat,Flowering,Low
23.52,80.96,49.14,0.18,12.24,Rice,Vegetative,High
22.85,76.25,56.42,42.79,16.51,Rice,Maturity,High
21.11,49.19,46.48,11.15,5.93,Maize,Vegetative,Low
29.47,74.32,52.8,19.45,13.61,Maize,Flowering,Moderate
23.91,53.9,33.32,28.28,7.11,Wheat,Flowering,Moderate
21.1,80.21,54.85,30.32,16.27,Rice,Seedling,Moderate
32.93,58.16,55.22,78.08,12.17,Maize,Flowering,Moderate
33.52,55.1,36.07,18.95,12.17,Maize,Maturity,Moderate
21.4,93.24,78.27,12.76,16.45,Potato,Flowering,High
13.8,43.31,32.07,76.82,7.81,Maize,Flowering,Low
31.05,33.79,33.84,25.69,9.37,Wheat,Maturity,Low
20.89,67.67,40.34,8.85,14.31,Wheat,Vegetative,High
29.74,95.76,60.54,3.38,17.23,Maize,Vegetative,Moderate
13.18,52.58,23.61,46.22,8.89,Wheat,Flowering,Low
30.36,29.53,26.35,11.24,4.6,Maize,Vegetative,Low
17.73,49.77,28.99,27.0,9.42,Potato,Flowering,Low
29.38,61.93,46.13,15.91,9.19,Maize,Maturity,Moderate
25.09,36.82,44.67,5.55,9.52,Rice,Vegetative,Low
19.28,73.04,55.68,23.01,12.97,Maize,Vegetative,High
22.56,97.84,35.42,1.57,10.31,Rice,Flowering,High
29.12,57.98,63.61,13.33,10.53,Maize,Vegetative,Moderate
25.64,50.9,43.31,19.78,8.3,Potato,Flowering,Moderate
28.51,54.25,33.94,14.32,9.15,Rice,Vegetative,Moderate
36.86,33.41,34.93,34.52,6.1,Potato,Flowering,Low
15.61,89.48,57.55,44.0,17.83,Potato,Seedling,Moderate
34.7,55.28,35.44,36.88,12.68,Wheat,Flowering,Moderate
25.63,53.27,43.29,0.99,9.13,Wheat,Vegetative,Low
19.61,73.16,43.19,5.4,11.26,Wheat,Flowering,Moderate
17.02,57.27,38.86,19.23,9.91,Wheat,Seedling,Low
23.87,72.32,42.07,68.27,14.56,Wheat,Flowering,High
30.53,29.49,17.47,45.04,5.06,Maize,Maturity,Low
24.23,84.4,55.22,46.21,16.66,Wheat,Vegetative,High
34.07,93.66,63.32,9.03,16.3,Rice,Seedling,Moderate
16.29,72.36,54.09,14.03,15.27,Tomato,Seedling,Moderate
24.93,94.68,66.07,15.91,18.35,Wheat,Flowering,High
17.49,36.05,37.67,4.28,4.58,Tomato,Flowering,Low
27.18,59.85,38.61,0.79,11.25,Rice,Vegetative,Moderate
30.32,68.93,55.97,73.39,12.3,Wheat,Vegetative,High
22.48,67.47,33.41,6.88,12.48,Maize,Vegetative,High
12.0,54.31,32.72,6.86,7.95,Maize,Flowering,Low
26.19,49.68,30.23,2.18,6.0,Potato,Vegetative,Moderate
27.62,34.26,44.5,65.95,8.89,Tomato,Maturity,Moderate
27.43,53.6,50.87,21.67,4.16,Tomato,Seedling,Low
32.41,36.87,39.62,27.49,3.59,Rice,Flowering,Low
18.57,78.61,62.16,60.64,14.84,Wheat,Vegetative,High
29.08,40.24,27.31,10.6,7.06,Tomato,Vegetative,Moderate
32.16,29.28,35.2,24.29,5.0,Tomato,Flowering,Low
14.33,65.32,44.88,0.99,7.34,Potato,Flowering,Moderate
26.92,68.45,55.85,5.17,9.54,Rice,Maturity,Moderate
21.97,88.65,54.31,44.48,16.89,Rice,Seedling,High
24.51,67.12,43.0,36.39,13.48,Tomato,Seedling,High
27.09,50.22,45.5,10.79,8.47,Rice,Flowering,Low
22.08,83.62,62.21,11.82,16.2,Potato,Flowering,High
20.95,64.44,39.09,19.07,11.93,Potato,Vegetative,High
25.2,30.79,31.7,0.01,3.43,Rice,Seedling,Low
18.48,66.31,35.94,6.9,10.35,Tomato,Seedling,Moderate
18.49,91.29,31.53,5.84,12.05,Tomato,Maturity,High
29.08,53.93,43.58,7.21,8.72,Wheat,Seedling,Low
18.11,46.63,44.74,40.99,11.46,Potato,Vegetative,High
29.0,35.47,36.81,8.2,7.4,Maize,Vegetative,Low
27.78,36.06,14.93,5.32,8.8,Tomato,Vegetative,Low
14.65,56.59,39.13,17.54,9.21,Rice,Seedling,Low
20.93,68.48,25.21,50.18,15.82,Potato,Vegetative,High
32.16,30.88,46.05,6.91,4.85,Rice,Seedling,Low
19.11,,46.57,2.04,18.01,Wheat,Flowering,High
22.21,80.12,64.6,11.02,13.25,Potato,Vegetative,High
27.77,67.82,56.59,34.42,13.75,Wheat,Vegetative,Moderate
29.7,85.48,45.18,20.0,17.49,Rice,Maturity,High
23.49,30.85,21.01,42.43,6.38,Potato,Flowering,Low
21.41,59.81,47.43,80.22,13.48,Potato,Vegetative,High
33.53,71.0,39.96,39.34,15.64,Maize,Vegetative,Moderate
35.43,85.49,55.22,23.15,14.41,Maize,Vegetative,Moderate
30.87,82.19,48.05,17.0,11.24,Rice,Flowering,High
25.51,45.23,20.28,1.02,11.57,Rice,Maturity,Moderate
20.15,93.68,35.17,103.89,18.54,Rice,Flowering,High
20.02,34.08,35.9,12.09,6.29,Maize,Flowering,Moderate
28.14,88.88,49.94,4.13,16.71,Tomato,Flowering,High
27.51,95.88,52.82,27.47,15.31,Tomato,Vegetative,High
33.41,37.93,42.13,8.36,4.42,Tomato,Seedling,Low
28.9,77.71,62.82,22.03,13.89,Wheat,Flowering,High
15.98,27.94,28.45,22.09,1.84,Rice,Maturity,Low
31.31,54.6,38.43,14.75,8.8,Wheat,Seedling,Low
19.01,62.69,50.08,45.22,12.48,Maize,Flowering,High
22.7,67.39,33.39,7.7,10.57,Rice,Vegetative,High
26.5,93.32,59.56,14.88,12.49,Potato,Vegetative,High
36.97,74.07,55.15,19.29,15.87,Rice,Seedling,Low
42.0,60.13,50.86,27.24,11.01,Wheat,Vegetative,Moderate
28.64,84.11,34.27,38.31,17.98,Wheat,Flowering,High
23.9,94.39,50.14,12.56,15.13,Tomato,Vegetative,High
28.21,26.61,21.86,25.96,3.62,Maize,Flowering,Low
30.33,96.72,59.69,4.08,16.19,Wheat,Flowering,High
23.08,31.29,37.32,67.45,7.49,Wheat,Maturity,Moderate
35.77,84.45,68.75,12.07,11.68,Tomato,Vegetative,High
26.38,45.46,33.24,32.69,11.63,Wheat,Vegetative,Moderate
27.99,34.65,28.88,0.51,4.32,Tomato,Seedling,Low
29.0,57.11,54.34,5.74,5.71,Tomato,Maturity,Moderate
27.53,72.01,51.77,16.69,14.9,Wheat,Maturity,High
30.03,52.81,53.8,52.65,9.72,Wheat,Vegetative,Low
21.3,28.98,34.48,18.73,4.23,Potato,Flowering,Low
21.65,68.76,35.93,66.44,10.34,Rice,Vegetative,High
18.4,90.88,43.02,16.53,18.74,Rice,Flowering,Moderate
27.64,52.97,25.67,16.86,6.63,Tomato,Seedling,Low
,40.79,42.94,3.19,6.78,Potato,Flowering,Low
27.75,57.31,54.81,40.57,12.75,Potato,Seedling,Moderate
35.05,28.53,49.91,7.09,5.71,Tomato,Flowering,Low
24.97,84.9,62.39,57.47,15.95,Rice,Flowering,High
29.01,85.32,65.76,60.43,12.86,Wheat,Flowering,High
18.45,67.92,41.37,71.75,12.35,Tomato,Seedling,High
22.68,50.78,28.75,18.36,9.29,Maize,Vegetative,Moderate
29.17,83.38,61.85,28.26,12.99,Rice,Vegetative,High
30.09,65.49,50.37,37.69,12.52,Potato,Vegetative,Moderate
23.24,85.29,55.19,3.51,15.16,Wheat,Seedling,High
24.57,71.1,52.31,22.97,14.29,Rice,Maturity,Moderate
15.89,82.26,56.14,0.87,10.75,Wheat,Flowering,Moderate
22.86,68.7,60.32,17.21,16.13,Rice,Vegetative,Moderate
30.34,55.23,55.04,4.21,10.55,Wheat,Vegetative,High
28.45,94.93,63.41,5.05,15.4,Wheat,Vegetative,High
28.0,64.5,54.26,11.36,12.99,Wheat,Flowering,Moderate
25.3,69.17,52.81,14.16,16.41,Maize,Vegetative,Moderate
25.04,41.1,31.83,24.4,4.75,Tomato,Maturity,Low
21.04,70.67,55.83,1.93,10.94,Maize,Vegetative,High
29.19,66.73,32.75,17.51,6.68,Potato,Maturity,Moderate
27.53,38.49,45.94,5.04,6.76,Rice,Maturity,Low
27.95,29.35,19.79,21.33,6.35,Rice,Vegetative,Low
21.84,69.12,50.51,25.36,12.08,Potato,Maturity,High
12.08,80.75,43.85,20.34,12.49,Wheat,Seedling,Moderate
31.58,63.21,50.82,33.51,7.46,Potato,Flowering,High
22.13,41.55,36.28,10.22,7.84,Wheat,Vegetative,Low
19.82,73.66,33.51,36.22,16.26,Potato,Maturity,Moderate
29.16,30.85,36.55,14.17,4.37,Wheat,Maturity,Low
22.65,57.25,37.12,16.55,10.76,Potato,Flowering,Moderate
31.36,36.93,43.58,26.11,3.9,Maize,Flowering,Low
28.7,38.47,35.4,0.46,7.09,Potato,Vegetative,Moderate
29.1,39.77,39.86,26.53,6.72,Wheat,Seedling,Low
16.8,53.23,31.72,24.1,8.03,Maize,Vegetative,Low
32.27,28.73,25.6,9.27,3.48,Potato,Seedling,Low
26.57,54.04,37.03,2.24,7.96,Maize,Flowering,Low
22.78,62.35,53.51,2.38,10.84,Maize,Vegetative,High
25.86,60.28,60.89,64.17,9.8,Maize,Maturity,Moderate
14.34,52.94,33.13,29.22,8.94,Rice,Flowering,Low
27.45,86.26,65.27,3.4,13.87,Maize,Flowering,High
18.82,35.61,12.55,11.03,3.98,Maize,Seedling,Low
16.88,61.92,32.82,22.44,14.47,Potato,Maturity,Moderate
15.87,29.53,22.22,45.13,4.97,Wheat,Maturity,Low
31.68,30.19,18.55,1.12,3.54,Rice,Vegetative,Low
21.22,66.89,30.92,6.75,9.04,Potato,Flowering,High
34.2,,50.66,55.12,16.59,Potato,Flowering,High
21.79,89.1,53.5,0.23,15.37,Rice,Seedling,Moderate
14.76,65.72,50.08,5.62,8.89,Maize,Vegetative,Low
18.3,95.06,64.93,79.87,20.88,Rice,Vegetative,High
32.41,28.55,34.08,23.76,6.0,Wheat,Seedling,Low
24.06,32.15,39.44,7.58,5.99,Rice,Vegetative,Moderate
21.71,28.22,30.59,1.73,3.9,Rice,Seedling,Low
25.96,38.53,23.54,0.71,4.7,Maize,Seedling,Low
28.01,64.51,56.38,7.02,11.3,Wheat,Seedling,Moderate
31.7,72.13,42.96,53.32,12.76,Potato,Maturity,High
33.69,28.33,21.98,13.44,8.75,Potato,Vegetative,Low
22.84,94.06,55.84,31.85,13.89,Maize,Maturity,Moderate
17.04,86.48,45.46,62.61,19.62,Maize,Vegetative,High
22.52,46.65,34.49,13.11,7.81,Rice,Vegetative,Low
26.56,30.63,35.69,5.31,5.73,Tomato,Vegetative,Moderate
19.22,37.4,38.44,18.2,8.44,Maize,Vegetative,Moderate
19.26,34.27,24.73,59.67,6.8,Wheat,Seedling,Moderate
27.06,34.0,28.72,40.79,8.93,Potato,Flowering,Low
24.71,62.86,55.89,1.7,4.72,Tomato,Vegetative,Low
25.2,42.95,42.14,29.49,6.71,Potato,Flowering,Low
20.45,51.14,61.21,21.21,7.25,Tomato,Flowering,Low
23.62,97.23,70.69,59.5,15.62,Maize,Seedling,High
19.45,74.95,61.42,3.27,11.7,Rice,Seedling,Moderate
30.34,94.28,43.83,19.09,16.68,Potato,Flowering,High
,35.41,41.8,52.89,9.36,Potato,Vegetative,High
13.92,52.9,40.63,13.19,9.52,Wheat,Seedling,Low
19.42,65.5,40.69,16.44,9.86,Wheat,Maturity,Moderate
16.02,30.6,33.92,1.83,5.71,Rice,Seedling,Low
21.1,25.31,39.57,8.15,4.65,Tomato,Flowering,Low
24.5,73.94,54.58,9.81,14.13,Potato,Maturity,High
16.3,71.85,39.96,72.57,16.19,Wheat,Vegetative,Moderate
19.47,54.99,49.42,8.31,9.22,Maize,Seedling,Low
18.98,60.74,37.92,15.44,8.59,Rice,Seedling,Moderate
26.24,55.33,44.3,27.82,8.75,Potato,Vegetative,Moderate
25.42,26.75,27.67,4.42,3.37,Tomato,Seedling,Low
20.67,49.48,37.6,16.66,8.01,Tomato,Flowering,Low
26.06,37.93,42.83,33.54,8.05,Rice,Seedling,Low
21.72,32.18,22.47,50.41,8.76,Rice,Vegetative,High
23.37,94.84,77.39,24.6,16.14,Rice,Maturity,High
35.04,68.75,29.29,27.64,12.23,Wheat,Flowering,Moderate
33.04,78.19,45.3,3.37,12.94,Potato,Flowering,Moderate
17.2,48.02,42.91,72.87,9.8,Tomato,Vegetative,Moderate
29.98,53.7,47.32,3.56,6.89,Potato,Flowering,Low
29.87,42.3,35.91,37.26,4.87,Potato,Vegetative,Low
18.11,32.08,32.26,7.69,4.07,Maize,Vegetative,Low
29.91,38.07,39.33,67.8,9.97,Tomato,Seedling,Moderate
34.23,83.22,50.98,31.82,13.29,Potato,Maturity,Moderate
18.26,74.46,63.72,35.04,12.95,Tomato,Vegetative,Moderate
19.49,64.93,54.36,6.18,11.59,Wheat,Seedling,Moderate
31.11,59.68,52.6,14.63,11.22,Rice,Vegetative,Moderate
26.63,92.34,47.27,24.05,13.65,Wheat,Vegetative,High
28.31,30.31,31.33,36.74,8.43,Potato,Flowering,Moderate
27.04,45.48,35.19,2.74,9.65,Maize,Flowering,Low
27.34,50.55,30.16,82.0,9.37,Wheat,Flowering,Low
17.04,82.12,56.45,55.23,13.88,Maize,Seedling,Moderate
31.28,97.45,53.6,7.88,18.32,Maize,Vegetative,Moderate
32.02,42.57,43.58,43.26,8.39,Rice,Vegetative,Low
23.62,88.82,44.83,18.26,10.56,Wheat,Seedling,High
24.74,85.64,71.44,15.49,11.57,Maize,Vegetative,High
15.81,41.4,27.6,9.44,6.53,Maize,Flowering,Low
28.09,54.15,43.85,21.75,7.28,Tomato,Seedling,Low
28.43,54.91,49.88,32.72,9.37,Maize,Vegetative,Low
24.63,96.41,52.86,13.23,16.06,Potato,Vegetative,High
31.75,38.21,43.81,24.8,10.11,Maize,Seedling,Moderate
23.0,83.34,41.04,30.04,14.05,Maize,Vegetative,High
28.39,49.4,54.28,31.04,11.39,Potato,Maturity,Moderate
18.88,78.35,51.48,1.33,15.45,Rice,Flowering,High
24.86,55.66,36.3,49.11,13.9,Wheat,Maturity,Moderate
23.95,67.22,43.9,15.32,11.99,Wheat,Vegetative,High
26.35,85.78,62.4,7.61,10.13,Tomato,Seedling,High
22.78,83.7,47.64,6.92,14.61,Maize,Vegetative,High
24.21,88.25,47.81,16.49,16.93,Tomato,Vegetative,High
29.96,29.35,29.53,54.47,6.89,Wheat,Flowering,Moderate
22.38,75.52,38.44,11.88,16.09,Wheat,Seedling,Moderate
15.36,35.22,52.29,34.63,8.85,Wheat,Vegetative,Low
35.5,55.35,36.48,2.55,10.1,Rice,Seedling,Moderate
33.29,65.05,54.33,16.16,13.28,Maize,Vegetative,Moderate
17.25,54.4,43.85,119.75,14.55,Rice,Flowering,Moderate
29.14,62.93,35.33,36.79,6.67,Rice,Vegetative,Moderate
21.98,97.75,59.04,5.91,14.9,Potato,Vegetative,High
26.58,34.87,41.79,17.4,8.73,Rice,Vegetative,Moderate
26.77,74.31,47.84,6.65,10.56,Maize,Vegetative,Moderate
23.59,53.91,53.49,13.17,8.75,Tomato,Flowering,Moderate
20.3,34.71,44.1,37.86,5.1,Rice,Maturity,Low
20.86,36.59,43.82,36.88,11.02,Maize,Maturity,Low
19.5,94.3,53.12,6.47,18.73,Potato,Flowering,High
20.01,89.21,44.89,63.85,15.27,Potato,Vegetative,High
24.6,91.21,50.35,22.45,15.86,Wheat,Flowering,High
20.71,97.38,60.92,11.95,14.74,Potato,Vegetative,High
29.09,40.21,41.54,17.43,8.42,Rice,Vegetative,Low
33.92,50.95,18.66,23.23,10.18,Rice,Flowering,Low
21.52,73.85,49.46,20.52,14.33,Rice,Seedling,Low
26.44,60.32,45.71,16.66,11.03,Potato,Maturity,High
28.0,55.54,39.44,17.58,15.52,Rice,Vegetative,High
27.83,51.12,53.36,4.85,6.33,Rice,Flowering,Low
25.46,68.35,51.56,41.88,9.33,Maize,Flowering,Low
29.46,67.02,59.91,19.51,10.78,Wheat,Maturity,Moderate
27.89,36.79,32.55,3.51,2.9,Wheat,Flowering,Low
17.57,59.44,53.15,36.33,8.1,Wheat,Flowering,Low
30.21,65.4,62.51,67.37,11.38,Wheat,Seedling,High
30.32,66.63,59.77,73.58,12.0,Wheat,Vegetative,High
,40.34,25.21,11.51,5.04,Wheat,Seedling,Low
25.23,79.19,49.14,3.64,13.86,Maize,Flowering,High
29.1,26.84,27.28,18.27,4.07,Wheat,Vegetative,Low
23.74,50.9,45.25,2.99,7.91,Rice,Flowering,Low
31.44,81.96,59.65,67.95,17.84,Potato,Seedling,High
39.18,66.16,38.08,5.07,9.27,Rice,Seedling,Low
20.28,44.06,38.3,7.28,6.84,Maize,Flowering,Low
16.71,75.73,30.09,13.05,13.41,Wheat,Seedling,Low
26.82,66.42,60.99,12.08,7.27,Wheat,Seedling,Moderate
29.33,83.13,48.13,39.58,10.24,Wheat,Seedling,High
23.61,78.66,52.02,15.23,13.94,Wheat,Maturity,High
33.72,69.54,44.72,4.68,12.31,Rice,Flowering,Moderate
16.97,60.64,55.72,7.77,14.17,Wheat,Vegetative,Moderate
29.16,34.72,8.0,17.79,6.64,Wheat,Vegetative,Low
21.36,44.08,37.46,3.99,8.86,Wheat,Vegetative,Low
35.32,55.59,41.18,23.65,9.53,Rice,Flowering,Moderate
36.96,68.75,42.96,20.85,12.5,Wheat,Flowering,Low
20.4,62.5,62.26,31.36,14.69,Rice,Seedling,Moderate
21.7,46.04,29.54,69.4,6.12,Maize,Seedling,Low
30.16,25.47,37.91,60.83,7.53,Maize,Seedling,Low
22.68,61.23,48.05,73.0,17.22,Wheat,Flowering,High
24.73,45.85,50.96,7.02,8.2,Tomato,Flowering,Low
25.15,78.63,44.78,3.53,16.03,Maize,Vegetative,High
13.48,26.75,23.37,9.0,3.41,Wheat,Seedling,Low
24.92,67.69,58.04,56.37,13.2,Potato,Seedling,High
20.86,93.73,61.74,89.44,18.93,Potato,Maturity,High
22.04,37.73,19.64,49.03,3.72,Wheat,Vegetative,Low
33.66,59.43,38.38,2.91,7.3,Rice,Flowering,Low
17.46,31.67,36.53,73.64,6.06,Tomato,Flowering,Moderate
29.88,,56.65,13.76,13.55,Tomato,Vegetative,High
23.33,65.19,39.28,0.23,12.18,Wheat,Vegetative,Moderate
23.32,54.74,12.75,14.6,10.04,Wheat,Seedling,Moderate
29.74,63.06,50.46,1.18,11.79,Rice,Flowering,High
27.04,90.45,43.98,19.62,14.99,Rice,Flowering,Moderate
28.42,39.33,15.56,10.33,9.14,Maize,Flowering,Low
30.81,26.65,8.0,16.03,4.97,Rice,Vegetative,Low
23.01,87.9,63.3,23.74,15.21,Rice,Seedling,High
21.33,67.13,48.14,50.78,12.41,Tomato,Maturity,High
18.49,90.02,53.75,27.11,16.94,Wheat,Flowering,High
20.05,68.58,61.32,14.23,10.75,Rice,Vegetative,Moderate
42.0,84.14,60.03,42.79,17.27,Tomato,Maturity,Moderate
32.47,56.37,58.71,59.0,9.31,Potato,Flowering,Moderate
16.89,79.74,37.97,3.19,10.7,Maize,Flowering,Moderate
17.07,91.65,56.32,18.98,16.86,Maize,Flowering,High
27.89,66.76,30.54,8.37,10.87,Wheat,Flowering,High
28.28,38.2,32.99,1.21,5.26,Rice,Flowering,Low
28.29,44.62,35.36,27.61,10.11,Maize,Seedling,Moderate
23.47,39.5,42.07,49.65,7.25,Wheat,Vegetative,Moderate
24.25,43.02,37.66,4.45,6.68,Rice,Maturity,Low
26.97,47.37,45.18,41.84,12.19,Rice,Vegetative,High
25.52,65.52,53.24,48.0,15.64,Wheat,Vegetative,High
12.0,67.92,68.72,61.43,16.67,Rice,Vegetative,Moderate
23.62,56.13,39.3,7.71,8.75,Wheat,Vegetative,Moderate
19.89,69.93,38.56,58.57,16.18,Rice,Flowering,High
26.05,30.95,34.84,9.67,3.47,Wheat,Maturity,Low
42.0,31.41,24.54,20.09,4.08,Potato,Vegetative,Low
27.2,37.54,49.84,1.3,1.36,Maize,Seedling,Low
23.12,62.82,42.3,1.12,13.45,Maize,Seedling,Moderate
30.53,40.62,30.59,31.86,6.15,Tomato,Maturity,Moderate
27.9,45.68,33.56,14.7,7.69,Rice,Flowering,Moderate
27.52,54.22,48.87,7.4,7.18,Wheat,Vegetative,Low
28.64,84.27,52.13,5.28,15.1,Maize,Flowering,High
37.34,26.01,23.99,27.71,4.61,Maize,Maturity,Low
18.21,72.4,65.62,0.01,8.98,Tomato,Flowering,High
27.84,73.83,40.97,40.98,14.47,Rice,Maturity,Moderate
19.44,83.3,53.68,2.06,10.55,Wheat,Vegetative,High
28.33,93.09,63.76,5.31,13.45,Rice,Flowering,High
19.49,26.47,14.27,12.2,0.55,Rice,Vegetative,Low
22.5,36.23,39.29,16.58,3.67,Maize,Flowering,Low
23.23,89.69,45.33,10.96,15.18,Maize,Flowering,High
30.85,58.47,51.62,9.67,5.84,Rice,Flowering,Moderate
30.51,66.22,36.86,83.05,11.22,Potato,Flowering,High
17.53,73.4,56.29,25.65,12.85,Maize,Seedling,Moderate
25.33,74.57,60.89,0.59,10.87,Wheat,Vegetative,High
20.74,93.02,65.82,14.06,19.47,Wheat,Maturity,Moderate
17.45,97.78,61.62,51.99,21.56,Wheat,Maturity,Moderate
23.7,77.57,48.72,8.97,11.06,Wheat,Seedling,Moderate
23.15,45.97,32.62,2.48,8.58,Wheat,Seedling,Low
39.56,89.22,70.4,35.51,17.31,Wheat,Seedling,Low
27.6,28.59,24.44,23.29,4.39,Rice,Flowering,Low
16.73,41.87,26.38,21.12,4.62,Wheat,Flowering,Low
21.61,90.51,62.86,1.38,14.52,Potato,Vegetative,High
31.13,43.7,29.52,3.79,6.81,Wheat,Vegetative,Low
37.53,41.11,26.94,24.36,6.76,Maize,Flowering,Low
15.48,35.08,19.6,5.82,6.75,Rice,Flowering,Low
13.72,87.72,50.26,17.53,13.29,Potato,Vegetative,High
36.23,61.5,43.77,19.68,8.39,Wheat,Flowering,Low
27.34,74.27,52.14,8.33,12.46,Rice,Vegetative,High
19.79,42.45,46.49,74.12,10.77,Potato,Vegetative,High
28.21,80.34,57.4,46.2,12.5,Potato,Flowering,High
12.0,80.48,50.28,32.04,16.12,Tomato,Flowering,Moderate
25.02,47.82,37.15,2.03,4.2,Rice,Maturity,Low
26.97,54.98,47.09,2.8,7.76,Wheat,Flowering,Low
30.55,40.31,48.85,16.97,6.67,Maize,Flowering,Moderate
18.92,96.29,59.78,4.38,14.32,Potato,Seedling,High
25.51,72.13,44.16,95.72,14.55,Maize,Vegetative,High
19.45,93.22,47.36,4.31,18.84,Maize,Seedling,Moderate
26.53,47.15,24.41,16.71,6.56,Rice,Vegetative,Moderate
19.63,82.08,59.49,11.32,18.5,Tomato,Flowering,High
22.55,80.91,58.14,25.5,14.92,Wheat,Maturity,High
19.03,75.49,55.97,3.45,12.41,Rice,Seedling,Moderate
28.91,95.49,56.91,14.07,16.84,Rice,Vegetative,High
30.15,53.73,55.56,8.03,14.0,Maize,Flowering,Low
23.59,34.54,28.98,54.68,5.9,Wheat,Vegetative,Moderate
25.23,74.03,59.17,1.04,9.65,Wheat,Flowering,Low
16.31,78.24,50.91,61.26,13.66,Maize,Flowering,High
23.2,66.98,40.71,44.74,12.72,Rice,Flowering,Moderate
24.7,40.1,41.96,8.83,3.35,Maize,Seedling,Low
40.72,61.83,48.83,38.93,11.62,Wheat,Vegetative,Low
18.33,47.79,42.69,0.79,11.07,Rice,Flowering,Moderate
33.79,56.21,43.29,85.18,12.98,Maize,Flowering,Moderate
30.98,72.1,48.46,18.7,11.76,Wheat,Seedling,Moderate
26.68,79.4,75.64,9.03,11.86,Rice,Flowering,High
35.55,41.95,48.62,11.26,9.0,Wheat,Seedling,Low
27.23,54.59,49.06,1.72,7.16,Wheat,Flowering,Low
27.33,44.65,38.98,113.55,15.75,Potato,Vegetative,High
24.68,39.5,45.87,1.0,10.23,Rice,Maturity,Low
32.34,82.19,58.05,26.6,14.81,Tomato,Vegetative,High
31.58,91.38,56.81,14.62,15.23,Rice,Vegetative,High
21.25,52.03,37.78,74.36,13.6,Maize,Seedling,Moderate
17.08,79.84,51.13,7.06,15.27,Tomato,Vegetative,High
23.78,90.48,24.49,18.99,13.69,Maize,Maturity,High
20.2,86.77,56.81,16.46,13.54,Rice,Maturity,High
24.62,38.35,30.45,30.34,4.8,Rice,Vegetative,Low
32.42,94.81,73.85,1.76,16.06,Rice,Vegetative,High
22.26,52.5,41.19,5.39,9.97,Potato,Flowering,Moderate
24.74,49.76,28.02,6.04,5.52,Tomato,Maturity,Low
25.35,29.56,31.32,33.5,5.27,Potato,Flowering,Low
30.09,60.49,33.74,5.24,7.21,Wheat,Vegetative,Low
12.0,32.96,37.92,21.3,4.4,Tomato,Vegetative,Low
21.36,43.14,40.17,6.06,8.27,Potato,Flowering,Moderate
26.27,48.14,48.83,49.44,8.37,Wheat,Seedling,Low
32.2,84.04,45.71,71.26,15.93,Wheat,Flowering,High
22.05,88.91,55.9,18.27,11.76,Tomato,Vegetative,High
13.74,47.08,25.18,10.86,8.38,Maize,Flowering,Low
28.72,87.68,62.09,6.67,14.23,Tomato,Seedling,High
21.19,87.58,60.22,1.28,12.61,Wheat,Flowering,High
17.86,80.82,57.29,7.82,12.89,Tomato,Vegetative,High
,35.71,34.3,26.55,7.22,Wheat,Flowering,Low
23.89,75.39,54.31,19.07,11.26,Wheat,Seedling,High
21.37,93.99,73.64,72.08,15.2,Wheat,Flowering,High
12.0,74.83,47.08,12.62,16.13,Tomato,Flowering,Moderate
30.38,49.21,41.07,29.59,7.89,Maize,Flowering,Moderate
32.65,61.54,33.76,16.8,10.38,Maize,Flowering,Low
28.91,72.14,40.17,17.97,14.34,Rice,Flowering,Moderate
18.17,62.27,45.89,7.79,17.36,Potato,Flowering,High
23.79,33.76,44.54,15.17,3.57,Rice,Vegetative,Low
24.96,47.78,36.55,15.91,9.23,Tomato,Flowering,Low
28.59,83.57,51.07,30.66,13.28,Rice,Vegetative,High
29.01,87.88,51.08,70.6,16.04,Rice,Seedling,High
20.59,35.02,28.66,9.99,4.6,Rice,Seedling,Low
25.49,94.52,60.76,1.08,12.92,Rice,Vegetative,High
27.74,49.0,24.63,17.14,8.5,Tomato,Flowering,Moderate
33.73,73.35,62.15,19.66,9.64,Maize,Flowering,Low
29.23,79.88,45.3,4.61,14.87,Wheat,Flowering,Moderate
29.73,84.27,60.93,35.73,15.14,Potato,Vegetative,High
25.5,94.04,44.92,104.87,20.43,Rice,Vegetative,High
33.46,47.84,45.83,72.87,9.87,Maize,Seedling,Low
27.46,87.67,61.79,5.49,13.53,Potato,Vegetative,High
19.83,34.61,37.69,52.06,8.36,Maize,Vegetative,Low
33.42,76.47,40.64,30.48,11.22,Wheat,Seedling,Moderate
29.19,79.16,54.16,15.12,12.6,Potato,Vegetative,High
22.34,74.47,37.96,19.45,11.04,Maize,Flowering,High
22.12,43.42,34.84,47.36,7.21,Rice,Flowering,Moderate
26.78,88.73,65.79,16.35,10.68,Wheat,Maturity,High
27.78,37.33,42.9,11.68,9.16,Tomato,Maturity,Low
26.18,28.92,31.72,16.99,3.99,Maize,Flowering,Low
26.87,77.37,41.2,21.64,15.64,Maize,Vegetative,Moderate
35.2,59.71,50.34,5.24,11.92,Potato,Flowering,Low
31.43,86.98,54.99,57.79,13.84,Tomato,Flowering,High
26.14,52.99,17.99,28.04,7.51,Wheat,Seedling,Low
30.65,37.28,42.74,25.08,12.17,Rice,Vegetative,Moderate
18.8,86.06,54.18,2.62,17.38,Wheat,Flowering,High
27.39,65.07,58.05,23.17,11.35,Tomato,Vegetative,High
35.86,38.81,24.57,3.22,6.86,Wheat,Flowering,Low
23.69,77.59,19.27,2.05,11.24,Maize,Flowering,High
19.91,62.31,47.72,18.73,11.64,Tomato,Seedling,High
21.09,69.11,50.56,12.89,10.18,Potato,Vegetative,High
18.46,58.65,26.55,22.22,6.28,Rice,Vegetative,Moderate
20.29,85.5,44.41,2.34,11.14,Tomato,Seedling,High
22.78,85.56,81.78,14.1,14.34,Wheat,Seedling,High
16.57,76.79,47.66,4.8,10.23,Tomato,Flowering,Moderate
25.09,32.69,40.39,108.76,9.8,Wheat,Vegetative,Moderate
30.41,86.24,47.99,20.59,12.54,Rice,Vegetative,High
19.55,73.98,28.69,29.07,11.53,Tomato,Vegetative,High
34.12,75.88,48.65,9.84,14.27,Wheat,Maturity,Moderate
28.06,,37.94,2.49,8.84,Wheat,Vegetative,Low
31.18,89.19,51.68,93.11,18.28,Tomato,Vegetative,High
21.05,77.95,50.03,8.43,14.59,Tomato,Maturity,Moderate
30.13,33.22,35.93,13.78,6.87,Maize,Flowering,Low
18.45,54.77,40.41,26.24,12.79,Maize,Seedling,Low
30.34,89.71,43.24,0.63,13.46,Maize,Flowering,High
26.03,28.45,36.24,41.55,5.49,Rice,Vegetative,Low
28.32,95.18,38.58,19.23,13.46,Rice,Vegetative,High
17.95,74.58,29.33,8.15,11.43,Wheat,Seedling,Low
19.63,71.09,55.83,1.59,13.37,Potato,Seedling,Moderate
28.58,44.75,42.97,4.43,9.95,Maize,Flowering,Low
19.31,43.16,36.69,56.35,11.26,Rice,Vegetative,Moderate
27.78,93.77,43.55,28.96,12.67,Rice,Vegetative,High
16.8,46.77,31.63,7.19,9.96,Potato,Flowering,Low
30.09,81.61,50.02,1.7,9.45,Wheat,Flowering,High
17.6,53.7,25.52,29.33,11.66,Maize,Seedling,Moderate
28.31,35.17,26.68,21.24,5.81,Maize,Flowering,Low
28.75,25.78,36.84,12.96,6.09,Maize,Seedling,Low
20.82,64.73,60.17,11.3,8.18,Wheat,Flowering,Moderate
28.49,96.23,54.3,6.11,18.0,Potato,Flowering,High
26.56,51.95,48.34,27.69,6.58,Potato,Maturity,Low
21.77,51.08,21.29,88.23,10.65,Maize,Seedling,Moderate
18.95,50.12,46.64,4.83,6.23,Maize,Seedling,Low
13.22,63.0,37.16,22.73,7.55,Potato,Vegetative,Low
27.1,57.17,45.94,13.8,9.93,Tomato,Vegetative,Moderate
15.61,89.23,53.22,14.8,18.53,Wheat,Vegetative,Moderate
25.57,61.9,57.97,7.33,15.56,Maize,Maturity,Moderate
23.42,62.07,36.08,43.59,12.01,Maize,Vegetative,Moderate
29.07,35.1,40.32,16.6,8.57,Rice,Vegetative,Low
23.19,96.74,55.9,19.6,16.79,Tomato,Flowering,High
23.02,43.25,35.72,9.09,8.31,Potato,Vegetative,Moderate
29.39,30.36,30.3,5.02,4.39,Potato,Flowering,Low
27.01,73.41,40.91,2.25,12.23,Rice,Seedling,Low
26.9,68.46,47.24,31.3,13.38,Wheat,Vegetative,High
27.82,55.31,41.5,5.46,7.93,Potato,Seedling,Moderate
15.79,55.82,44.74,29.29,10.04,Tomato,Seedling,Moderate
29.54,82.31,53.77,12.37,13.59,Wheat,Maturity,Moderate
28.67,39.29,43.69,13.44,8.52,Potato,Seedling,Low
18.9,84.88,63.19,15.83,12.13,Potato,Vegetative,High
23.54,72.36,38.44,11.46,11.97,Maize,Vegetative,High
24.76,55.58,50.92,2.65,12.83,Maize,Vegetative,High
24.19,58.44,31.51,9.26,12.08,Rice,Maturity,Moderate
27.0,43.74,43.37,27.25,10.87,Wheat,Seedling,Low
33.59,79.9,58.16,27.4,14.02,Rice,Flowering,Moderate
31.49,62.44,25.86,8.43,11.0,Tomato,Maturity,High
17.13,48.42,40.3,15.41,10.42,Wheat,Flowering,Moderate
28.73,68.51,42.72,5.37,14.31,Rice,Maturity,Moderate
32.97,97.69,51.49,5.9,11.98,Rice,Seedling,Moderate
27.32,56.77,56.22,0.58,6.48,Maize,Vegetative,Low
31.55,92.21,50.35,56.76,19.83,Potato,Vegetative,High
37.07,50.19,32.01,5.92,7.73,Rice,Flowering,Low
31.14,29.0,32.36,6.45,3.57,Rice,Maturity,Low
26.5,39.91,42.82,8.2,4.23,Tomato,Vegetative,Low
31.27,55.56,40.81,3.41,7.93,Rice,Flowering,Low
25.87,41.03,48.08,25.49,4.86,Wheat,Seedling,Low
25.14,25.02,35.32,1.95,8.27,Rice,Flowering,Moderate
22.89,91.8,34.94,3.6,14.8,Wheat,Vegetative,High
34.38,86.6,49.35,25.87,14.86,Wheat,Maturity,Moderate
20.09,79.19,46.06,10.38,14.29,Rice,Flowering,High
34.19,37.25,39.69,30.77,9.22,Rice,Vegetative,Low
28.0,33.79,8.0,20.38,8.18,Potato,Seedling,Low
16.6,29.94,57.46,7.39,7.26,Rice,Seedling,Low
27.21,77.85,56.45,26.3,12.33,Maize,Vegetative,High
12.4,92.8,58.61,3.09,14.39,Maize,Vegetative,Moderate
28.75,56.43,54.39,19.22,11.4,Wheat,Maturity,Moderate
30.31,33.7,56.92,14.37,4.96,Maize,Flowering,Moderate
21.45,62.4,53.67,7.8,10.31,Wheat,Vegetative,High
25.74,50.46,49.67,23.16,9.87,Potato,Seedling,Low
36.72,52.36,42.25,51.26,12.17,Wheat,Maturity,Low
21.97,70.36,46.73,170.42,15.07,Rice,Flowering,High
18.65,77.47,46.23,23.4,14.84,Wheat,Seedling,Moderate
33.89,33.07,24.97,12.97,5.39,Potato,Flowering,Low
36.78,27.6,24.17,6.38,6.11,Maize,Vegetative,Low
25.02,97.59,45.53,7.43,17.49,Maize,Seedling,Moderate
31.07,41.99,36.04,16.32,10.64,Wheat,Vegetative,Moderate
33.05,28.93,14.73,11.44,7.83,Tomato,Vegetative,Low
20.55,38.86,37.45,61.28,11.56,Wheat,Seedling,Moderate
22.09,27.84,30.77,11.48,7.84,Potato,Maturity,Low
32.39,53.6,42.91,11.69,9.66,Wheat,Flowering,Low
35.11,83.58,48.21,12.09,13.96,Wheat,Flowering,Moderate
28.38,49.91,70.73,45.29,11.69,Wheat,Vegetative,Moderate
19.72,57.43,56.57,26.3,11.79,Rice,Vegetative,Moderate
36.92,74.32,37.28,23.81,12.3,Maize,Flowering,Low
21.81,62.15,47.19,10.17,11.19,Wheat,Vegetative,High
22.99,87.89,49.07,42.58,15.83,Tomato,Seedling,High
27.05,88.22,45.14,0.98,12.45,Rice,Vegetative,Moderate
34.32,25.72,16.89,51.16,8.91,Maize,Flowering,Low
30.12,81.8,57.04,17.97,13.98,Rice,Vegetative,Moderate
27.49,58.63,36.64,12.7,14.03,Rice,Seedling,Moderate
27.78,97.19,68.55,17.19,13.04,Maize,Flowering,High
25.26,60.28,54.05,27.52,9.72,Wheat,Vegetative,Moderate
28.35,97.04,72.56,0.32,15.61,Wheat,Vegetative,High
12.0,80.08,43.51,51.31,17.31,Potato,Seedling,High
23.22,43.15,42.01,14.8,8.34,Potato,Vegetative,Low
26.45,64.3,52.05,10.5,11.36,Rice,Flowering,Moderate
18.09,97.43,54.23,3.72,13.49,Rice,Vegetative,High
27.32,87.6,47.32,14.47,12.33,Maize,Vegetative,High
23.77,32.11,48.94,17.15,6.52,Rice,Maturity,Low
35.53,76.57,52.9,12.92,10.08,Wheat,Maturity,Moderate
34.44,50.23,46.45,28.38,8.2,Wheat,Maturity,Low
22.21,25.51,21.98,13.66,5.67,Tomato,Vegetative,Low
24.09,54.45,29.59,81.37,10.27,Maize,Vegetative,Moderate
24.56,42.14,31.16,22.86,10.94,Wheat,Maturity,Moderate
22.29,84.78,52.67,41.19,17.79,Wheat,Flowering,High
26.17,49.63,29.21,2.9,4.92,Wheat,Seedling,Low
20.45,85.41,54.07,12.66,12.35,Maize,Seedling,Moderate
18.22,25.04,13.13,10.27,0.0,Wheat,Vegetative,Low
28.74,47.47,27.79,21.07,6.94,Wheat,Maturity,Low
28.78,42.61,43.75,49.35,10.48,Tomato,Vegetative,Moderate
20.17,42.05,42.86,2.04,5.99,Wheat,Vegetative,Low
30.37,29.98,28.07,1.88,5.8,Maize,Seedling,Low
21.21,38.66,25.29,47.48,5.19,Wheat,Flowering,Moderate
26.52,65.56,35.95,5.98,12.34,Wheat,Flowering,Moderate
29.92,46.27,34.78,27.62,7.49,Wheat,Vegetative,Low
24.8,55.47,48.63,19.57,9.75,Tomato,Flowering,Moderate
27.73,52.51,50.29,44.73,10.15,Potato,Maturity,Moderate
21.9,88.94,50.61,3.34,11.83,Tomato,Vegetative,High
23.82,91.09,44.9,3.48,12.42,Rice,Vegetative,High
23.76,60.99,47.07,20.34,12.57,Maize,Vegetative,Moderate
20.52,49.1,31.41,73.15,11.82,Wheat,Flowering,Moderate
23.94,32.8,27.94,13.4,7.93,Rice,Flowering,Low
15.71,94.6,71.09,9.9,16.21,Potato,Flowering,High
22.05,29.4,40.03,23.33,6.0,Wheat,Flowering,Low
23.29,46.73,40.27,66.64,6.91,Wheat,Vegetative,High
23.46,46.76,25.98,45.34,8.9,Wheat,Maturity,Low
23.55,48.39,41.47,135.0,13.53,Wheat,Vegetative,High
24.63,36.99,45.42,0.57,9.85,Wheat,Seedling,Low
27.88,82.17,49.11,2.99,14.65,Maize,Flowering,High
30.25,33.94,47.09,23.51,9.52,Rice,Flowering,Low
21.1,71.35,61.47,42.95,14.47,Potato,Vegetative,High
17.78,34.04,50.25,8.4,4.39,Tomato,Maturity,Low
18.75,30.15,35.11,6.83,5.35,Rice,Maturity,Low
,91.39,62.43,38.66,16.77,Rice,Vegetative,Moderate
22.89,38.88,49.69,1.45,4.41,Rice,Maturity,Low
20.38,84.95,58.45,11.53,13.32,Maize,Seedling,High
17.22,64.76,40.89,17.62,10.71,Rice,Vegetative,Low
22.26,30.68,27.79,20.54,9.01,Maize,Seedling,Low
26.09,94.75,60.28,32.61,12.41,Rice,Maturity,High
28.57,43.03,24.31,10.96,9.77,Maize,Flowering,Low
21.66,87.75,53.67,23.71,13.19,Rice,Seedling,High
22.52,37.32,45.89,22.01,4.18,Rice,Vegetative,Low
19.44,87.34,33.02,19.83,17.19,Potato,Flowering,High
24.81,25.97,45.73,25.57,6.72,Tomato,Seedling,Low
19.91,62.36,56.17,7.51,12.81,Wheat,Maturity,Moderate
28.44,81.17,47.87,2.21,14.68,Potato,Flowering,High
14.28,93.24,62.73,3.18,19.18,Rice,Vegetative,Moderate
22.84,,56.58,6.36,16.01,Potato,Maturity,High
26.81,84.83,66.23,17.34,14.01,Tomato,Vegetative,High
26.1,89.84,65.76,45.88,17.04,Rice,Maturity,High
41.16,39.54,21.82,30.21,10.12,Wheat,Flowering,Moderate
27.1,45.75,44.17,38.9,7.44,Rice,Flowering,Moderate
18.98,46.09,36.38,10.81,6.54,Maize,Seedling,Low
24.43,52.52,41.84,12.97,8.35,Maize,Maturity,Low
14.34,53.71,34.2,12.51,4.93,Rice,Vegetative,Low
24.52,64.75,63.38,5.33,10.87,Wheat,Seedling,Moderate
20.0,36.67,45.07,1.58,2.16,Tomato,Seedling,Low
,75.46,42.79,22.35,13.15,Potato,Flowering,High
21.7,37.23,21.55,113.24,12.58,Maize,Vegetative,Moderate
24.3,47.65,35.2,4.56,6.87,Wheat,Flowering,Low
21.19,61.74,49.04,1.2,13.28,Rice,Maturity,High
35.43,83.14,55.66,37.8,12.02,Wheat,Seedling,Moderate
23.07,78.98,64.12,7.28,15.33,Potato,Flowering,High
36.0,72.12,56.75,44.25,14.8,Wheat,Seedling,Moderate
29.88,36.37,44.24,30.43,3.7,Maize,Maturity,Low
27.89,64.93,49.24,72.82,18.96,Rice,Flowering,High
27.21,31.38,18.66,13.15,5.46,Maize,Vegetative,Low
27.36,52.55,39.06,27.12,7.83,Maize,Flowering,Low
13.43,55.19,52.68,15.63,6.69,Tomato,Vegetative,Moderate
23.33,27.91,30.65,24.9,5.1,Wheat,Vegetative,Moderate
30.07,45.0,43.03,14.93,7.59,Wheat,Flowering,Low
24.71,94.76,54.72,5.23,15.59,Wheat,Vegetative,High
16.57,94.62,47.55,17.73,15.31,Potato,Vegetative,High
24.69,50.72,39.05,18.8,10.19,Potato,Vegetative,High
35.22,,34.35,41.6,5.53,Maize,Flowering,Low
32.48,38.07,28.67,33.25,3.66,Maize,Vegetative,Low
24.63,53.63,39.1,27.25,9.46,Maize,Seedling,Moderate
30.71,94.19,48.28,3.01,10.47,Wheat,Flowering,High
,35.31,45.32,31.88,7.74,Potato,Flowering,Moderate
14.78,80.74,49.35,17.34,11.71,Rice,Seedling,Low
19.45,32.93,47.7,56.13,8.02,Rice,Vegetative,High
34.38,96.63,73.94,63.1,20.82,Maize,Seedling,Moderate
23.36,52.86,40.33,1.42,6.62,Wheat,Vegetative,Low
23.54,81.59,42.55,42.96,17.03,Wheat,Vegetative,High
23.2,50.01,19.14,0.96,7.18,Tomato,Flowering,Moderate
36.42,70.82,33.61,11.44,15.33,Wheat,Flowering,Low
34.76,39.02,21.87,19.54,6.36,Maize,Flowering,Low
38.31,35.66,48.05,4.01,4.2,Wheat,Vegetative,Low
24.05,93.48,58.55,34.29,17.81,Rice,Flowering,High
26.77,91.99,60.69,0.21,13.86,Rice,Vegetative,Moderate
15.9,89.79,33.71,4.62,12.88,Rice,Maturity,Low
33.86,70.66,36.28,21.73,11.29,Tomato,Flowering,Moderate
17.99,84.0,62.47,31.33,14.71,Rice,Seedling,High
26.3,30.04,34.88,62.12,10.18,Maize,Flowering,High
18.42,49.44,38.3,30.56,5.36,Rice,Vegetative,Moderate
21.47,47.9,44.81,27.85,8.91,Maize,Flowering,Low
19.98,71.4,64.92,12.54,13.22,Potato,Seedling,Moderate
21.35,50.98,38.18,0.03,8.55,Tomato,Seedling,Low
21.77,35.84,35.03,3.2,8.49,Wheat,Maturity,Low
21.71,68.54,49.34,19.12,11.64,Wheat,Vegetative,Moderate
30.0,84.45,77.7,28.11,14.36,Rice,Flowering,High
18.37,52.9,20.16,13.51,10.23,Maize,Vegetative,Moderate
26.32,34.66,40.69,32.8,7.16,Wheat,Flowering,Moderate
32.31,39.36,34.6,18.45,6.31,Rice,Flowering,Low
21.92,42.34,42.6,1.93,7.89,Maize,Vegetative,Moderate
20.69,46.89,32.18,5.33,6.43,Rice,Vegetative,Low
23.62,71.92,48.28,45.81,12.27,Tomato,Vegetative,Moderate
32.08,68.87,54.66,32.27,11.36,Wheat,Seedling,Low
26.16,75.81,81.45,56.29,17.27,Wheat,Vegetative,High
21.81,51.46,48.67,3.13,1.93,Tomato,Flowering,Low
27.9,85.15,45.58,115.69,19.42,Rice,Maturity,High
18.39,39.9,31.72,5.87,6.71,Maize,Maturity,Moderate
29.09,,39.16,0.3,6.13,Rice,Flowering,Low
27.45,83.47,35.43,149.03,20.42,Wheat,Flowering,High
23.15,38.15,31.96,8.25,7.41,Tomato,Flowering,Moderate
19.97,33.02,40.54,27.57,7.65,Tomato,Vegetative,Low
19.68,89.51,43.06,4.86,9.23,Maize,Maturity,Moderate
28.21,50.03,50.5,21.7,11.68,Rice,Flowering,Moderate
32.37,74.92,54.85,58.59,13.05,Maize,Flowering,High
21.18,26.85,23.4,9.65,6.09,Rice,Seedling,Low
27.75,75.37,48.73,27.74,14.74,Wheat,Vegetative,High
12.48,48.08,55.21,5.2,6.16,Potato,Vegetative,Low
21.49,29.07,38.96,24.51,7.03,Wheat,Maturity,Low
24.81,69.52,47.89,10.25,10.8,Potato,Vegetative,High
19.54,42.58,34.65,5.93,2.93,Rice,Vegetative,Low
19.38,53.24,42.06,9.39,11.26,Wheat,Maturity,Moderate
20.99,30.88,27.24,4.93,3.6,Maize,Seedling,Low
26.75,35.74,13.25,58.05,6.52,Potato,Vegetative,Moderate
23.88,46.75,59.12,12.65,7.22,Tomato,Seedling,Low
12.0,31.55,34.17,7.04,5.9,Tomato,Flowering,Low
12.28,91.49,60.58,14.87,15.17,Maize,Maturity,Moderate
21.36,25.44,29.6,9.66,5.58,Maize,Vegetative,Low
27.75,60.32,36.78,34.11,8.45,Tomato,Maturity,Moderate
12.0,34.0,31.74,88.7,7.79,Wheat,Vegetative,Low
22.0,47.46,22.99,14.41,7.98,Rice,Maturity,Low
21.84,92.6,79.81,49.34,20.75,Wheat,Flowering,High
33.33,36.8,22.38,20.86,6.56,Potato,Flowering,Low
22.69,95.51,47.88,4.28,17.64,Potato,Seedling,High
27.3,40.02,31.61,29.33,7.75,Wheat,Maturity,Low
25.85,79.13,64.53,18.01,12.47,Tomato,Flowering,High
12.22,64.91,46.11,26.29,11.03,Potato,Vegetative,Low
29.61,89.57,43.47,55.11,16.38,Wheat,Flowering,High
26.29,65.44,58.72,14.51,12.31,Maize,Vegetative,Moderate
28.05,64.02,52.92,57.86,15.49,Potato,Maturity,High
42.0,39.27,41.09,34.72,8.5,Wheat,Seedling,Low
12.5,37.13,42.01,16.77,9.04,Maize,Flowering,Low
35.35,91.9,80.71,23.11,13.77,Rice,Vegetative,Moderate
23.28,48.93,61.42,9.85,7.43,Potato,Seedling,Moderate
26.72,52.16,34.0,102.76,11.34,Potato,Vegetative,High
24.73,80.47,68.43,27.52,14.69,Potato,Seedling,High
22.45,49.73,43.73,1.12,7.29,Rice,Vegetative,Low
21.58,94.5,62.79,9.89,17.01,Potato,Vegetative,High
26.98,78.87,34.62,24.41,11.81,Tomato,Flowering,High
15.9,68.61,45.74,1.45,11.13,Rice,Vegetative,Moderate
29.5,89.31,47.59,0.6,15.69,Tomato,Vegetative,High
22.5,28.62,39.73,14.95,1.1,Wheat,Flowering,Moderate
18.22,43.77,48.22,10.11,11.68,Maize,Seedling,Moderate
22.3,58.95,22.83,14.42,9.49,Wheat,Maturity,Low
32.54,41.57,36.41,7.62,2.93,Wheat,Maturity,Low
21.79,79.31,62.94,4.5,13.2,Wheat,Flowering,High
27.15,92.1,54.97,29.21,16.07,Maize,Flowering,High
20.61,55.94,49.66,18.07,9.57,Rice,Maturity,Moderate
29.55,49.98,43.5,5.58,10.22,Tomato,Seedling,Moderate
29.11,95.19,61.49,9.63,17.14,Wheat,Seedling,Moderate
36.09,57.47,40.28,22.4,10.76,Rice,Vegetative,Moderate
23.95,60.7,32.11,1.87,10.69,Maize,Flowering,High
29.01,50.67,29.05,3.99,8.07,Tomato,Seedling,Low
25.59,91.4,63.65,1.9,18.26,Rice,Flowering,High
32.78,66.53,46.81,41.83,9.5,Maize,Maturity,Low
20.69,80.64,50.87,34.9,14.69,Potato,Maturity,High
,84.26,49.47,34.99,15.13,Maize,Vegetative,High
23.83,49.95,36.93,31.5,10.98,Wheat,Seedling,Moderate
24.61,,53.13,27.67,8.57,Wheat,Flowering,Moderate
25.55,86.94,51.42,16.2,11.12,Potato,Flowering,High
26.51,51.52,27.2,25.7,9.67,Wheat,Seedling,Low
24.3,82.96,60.62,0.98,13.88,Potato,Seedling,High
26.29,93.69,55.43,24.29,19.02,Maize,Maturity,Moderate
34.47,70.49,48.51,37.61,10.36,Potato,Flowering,Moderate
30.91,79.14,67.73,17.35,15.72,Tomato,Flowering,High
30.21,83.77,53.3,11.06,18.62,Potato,Maturity,High
22.27,86.69,57.57,8.12,13.47,Rice,Flowering,High
19.66,53.84,29.75,25.74,7.15,Tomato,Vegetative,Low
30.73,28.74,29.3,29.51,5.06,Rice,Vegetative,Low
30.26,54.34,47.83,51.19,10.94,Rice,Vegetative,Moderate
33.84,74.18,34.12,10.48,13.45,Maize,Vegetative,Moderate
21.38,57.88,45.16,36.72,9.67,Potato,Flowering,Moderate
23.62,79.67,52.88,20.6,16.75,Potato,Flowering,High
15.16,51.06,40.84,53.6,8.26,Tomato,Maturity,Low
22.65,71.34,58.91,18.76,8.75,Rice,Vegetative,Moderate
30.98,38.61,38.79,18.23,9.18,Rice,Flowering,Low
22.2,79.7,66.66,21.56,9.14,Tomato,Flowering,High
28.84,64.84,36.0,34.59,11.46,Wheat,Flowering,Moderate
23.86,39.9,37.32,83.59,16.23,Wheat,Flowering,Moderate
26.94,46.31,39.37,1.91,7.47,Rice,Vegetative,Moderate
18.11,79.65,41.17,1.37,10.56,Rice,Vegetative,High
25.51,60.23,53.65,69.33,12.52,Rice,Seedling,High
12.0,40.77,59.55,18.87,7.24,Wheat,Vegetative,Low
23.88,95.61,58.07,23.86,16.65,Wheat,Vegetative,Moderate
15.22,77.2,55.93,16.46,14.39,Wheat,Flowering,Moderate
32.24,94.87,58.79,2.46,13.21,Potato,Maturity,Moderate
29.66,56.18,35.34,36.54,13.94,Rice,Flowering,Moderate
27.8,59.68,25.67,34.38,11.53,Rice,Flowering,Moderate
34.13,90.55,49.16,9.34,16.35,Maize,Vegetative,Moderate
19.31,63.33,31.41,9.14,9.27,Wheat,Flowering,Moderate
35.48,76.63,67.69,45.48,16.8,Potato,Seedling,High
30.59,43.41,36.21,1.88,6.51,Tomato,Vegetative,Moderate
23.58,57.61,39.59,53.24,12.08,Wheat,Vegetative,High
31.81,34.01,42.5,7.42,3.9,Rice,Vegetative,Low
18.36,40.04,24.8,22.47,5.38,Potato,Seedling,Low
20.05,25.07,22.36,68.72,8.36,Potato,Seedling,Moderate
21.35,27.87,31.83,28.34,4.8,Rice,Vegetative,Low
21.83,96.34,68.82,13.38,14.29,Maize,Maturity,High
18.66,42.69,42.09,29.24,6.81,Wheat,Vegetative,Low
,73.42,51.85,10.54,13.6,Potato,Vegetative,Moderate
23.45,86.25,55.28,8.12,12.89,Wheat,Seedling,Moderate
27.12,65.2,50.08,142.72,16.37,Potato,Flowering,High
21.58,36.18,36.49,34.74,7.32,Maize,Vegetative,Moderate
14.08,78.15,40.96,25.87,9.79,Maize,Vegetative,Low
26.62,68.82,47.99,10.97,8.54,Maize,Vegetative,Moderate
13.53,78.38,40.62,1.26,13.27,Wheat,Seedling,Low
24.59,81.19,53.29,0.79,11.55,Wheat,Seedling,High
16.79,96.2,53.68,20.2,18.38,Wheat,Vegetative,Moderate
36.92,66.87,72.14,35.89,14.18,Wheat,Seedling,Moderate
30.47,49.94,39.58,19.27,10.26,Tomato,Seedling,Moderate
25.63,,34.89,45.94,17.2,Rice,Vegetative,High
32.58,30.0,30.66,0.85,4.67,Wheat,Flowering,Low
19.92,90.51,61.4,11.42,16.27,Potato,Flowering,High
28.26,33.71,50.22,6.76,4.52,Potato,Vegetative,Low
26.2,48.93,33.68,14.82,13.37,Potato,Vegetative,High
26.58,84.55,38.0,1.88,17.58,Potato,Maturity,High
32.63,68.6,55.61,77.05,14.33,Wheat,Vegetative,Low
29.39,53.74,27.69,6.32,9.64,Rice,Seedling,Low
26.73,59.56,39.46,63.88,15.01,Tomato,Flowering,High
15.07,87.38,52.38,13.87,14.29,Maize,Seedling,Moderate
19.24,49.82,39.23,105.88,11.24,Wheat,Vegetative,High
24.26,88.48,62.29,20.19,16.78,Tomato,Vegetative,High
25.56,31.43,25.74,66.78,8.07,Wheat,Maturity,Moderate
18.22,81.71,49.95,0.13,13.44,Wheat,Vegetative,High
39.47,86.87,54.61,34.48,13.72,Maize,Flowering,Moderate
34.1,,36.81,58.34,5.21,Maize,Maturity,Low
28.61,56.42,43.54,3.76,9.66,Maize,Seedling,Moderate
25.43,37.08,39.19,2.53,7.85,Wheat,Vegetative,Low
23.73,76.58,59.07,13.82,12.4,Potato,Vegetative,High
19.29,64.08,49.56,67.83,16.06,Rice,Vegetative,High
25.46,71.38,53.09,19.54,10.86,Wheat,Vegetative,Moderate
26.55,39.34,19.92,18.74,5.0,Potato,Maturity,Low
17.55,40.46,36.69,3.8,6.5,Potato,Flowering,Low
27.01,28.03,36.01,0.02,4.32,Potato,Flowering,Moderate
24.07,48.51,46.69,41.54,11.1,Tomato,Vegetative,Moderate
13.55,65.86,39.42,2.29,9.09,Maize,Flowering,Low
19.84,87.63,48.46,25.12,17.84,Maize,Maturity,High
22.52,73.69,43.73,61.52,18.38,Wheat,Flowering,High
36.33,56.78,48.08,5.85,9.26,Rice,Seedling,Low
28.34,94.58,68.17,27.36,18.82,Rice,Flowering,High
16.99,77.5,46.93,2.05,10.38,Rice,Seedling,Moderate
27.92,92.9,66.24,23.14,18.02,Tomato,Vegetative,High
15.72,63.51,46.64,4.48,12.45,Rice,Seedling,Low
31.5,43.9,36.32,33.29,10.19,Wheat,Flowering,Moderate
22.17,28.86,29.43,8.96,4.97,Wheat,Flowering,Low
24.44,78.0,58.67,15.56,7.25,Maize,Seedling,High
32.95,33.86,36.8,22.87,5.12,Wheat,Vegetative,Low
17.28,47.1,61.6,4.7,6.49,Potato,Vegetative,Low
16.62,63.87,37.03,33.83,9.73,Rice,Vegetative,Low
21.5,66.2,51.66,9.01,11.23,Rice,Seedling,Moderate
31.23,68.84,42.25,27.15,11.35,Maize,Vegetative,High
15.88,37.14,26.16,4.31,4.48,Tomato,Flowering,Low
12.0,52.72,40.98,29.13,7.58,Rice,Seedling,Low
22.29,70.06,49.4,3.43,9.93,Maize,Seedling,Low
,95.8,87.5,13.85,18.17,Maize,Vegetative,High
32.2,78.12,49.41,7.1,11.48,Rice,Maturity,High
22.22,92.35,45.64,34.5,15.24,Potato,Flowering,High
22.53,80.64,54.99,7.6,12.32,Tomato,Flowering,High
31.92,68.2,26.53,53.37,13.9,Maize,Vegetative,High
13.78,39.02,34.69,55.6,9.56,Potato,Flowering,Low
22.67,73.67,49.63,5.47,5.93,Potato,Seedling,Moderate
26.14,70.51,56.15,23.79,14.35,Tomato,Flowering,High
27.7,68.98,57.33,2.3,14.01,Tomato,Maturity,Moderate
21.94,60.75,39.27,12.42,8.16,Maize,Flowering,Moderate
25.21,63.59,43.93,31.23,9.58,Maize,Maturity,Moderate
12.0,49.41,32.1,26.93,8.17,Maize,Flowering,Low
21.05,62.91,33.88,24.5,9.61,Tomato,Seedling,Moderate
27.72,39.42,38.87,8.3,7.11,Wheat,Maturity,Low
,83.78,40.78,11.87,10.02,Potato,Seedling,High
25.35,38.56,31.28,2.72,4.05,Potato,Vegetative,Low
27.68,31.2,22.53,31.74,9.44,Wheat,Seedling,Low
22.94,56.85,48.24,17.52,8.0,Tomato,Seedling,Low
26.02,73.06,67.24,30.84,15.51,Wheat,Vegetative,High
19.22,,29.77,7.16,10.13,Rice,Vegetative,Moderate
23.76,45.2,19.55,9.81,4.04,Tomato,Vegetative,Moderate
28.66,65.75,45.05,10.17,12.23,Wheat,Flowering,Moderate
25.94,50.33,40.29,0.65,7.85,Tomato,Seedling,Low
21.48,93.1,59.43,10.43,14.44,Tomato,Seedling,High
26.35,92.35,52.48,40.65,17.02,Maize,Flowering,High
29.29,61.67,42.66,56.9,13.28,Wheat,Vegetative,Moderate
12.7,48.94,43.25,18.26,10.03,Rice,Flowering,Low
31.95,78.81,61.93,15.2,15.62,Maize,Flowering,High
22.98,27.68,11.52,0.78,5.28,Potato,Flowering,Moderate
27.55,59.66,40.17,52.84,9.08,Maize,Flowering,High
32.18,49.55,41.96,0.33,7.0,Rice,Vegetative,Low
16.77,92.2,47.7,72.4,23.77,Maize,Flowering,High
20.74,25.88,47.66,16.8,6.32,Maize,Vegetative,Low
23.27,65.36,39.79,10.46,15.65,Tomato,Vegetative,High
20.3,79.07,51.21,64.5,18.23,Wheat,Flowering,High
35.41,60.41,49.72,0.62,10.18,Tomato,Vegetative,Moderate
19.86,31.23,26.58,21.77,6.54,Maize,Flowering,Moderate
21.67,95.99,39.93,19.9,16.15,Potato,Flowering,High
26.23,62.81,40.84,6.19,6.84,Rice,Maturity,Moderate
17.79,69.84,58.23,14.0,11.82,Maize,Maturity,Moderate
22.63,42.27,33.54,26.41,10.33,Potato,Vegetative,High
26.9,60.3,35.65,32.47,9.85,Wheat,Vegetative,Moderate
23.0,56.33,51.79,0.02,9.84,Potato,Flowering,Moderate
24.44,30.47,28.88,69.06,9.56,Maize,Vegetative,Moderate
21.82,32.75,28.0,4.49,3.61,Wheat,Flowering,Low
15.91,86.14,55.95,6.65,13.17,Rice,Flowering,Moderate
26.93,42.51,44.71,7.65,5.1,Tomato,Flowering,Moderate
35.53,39.23,59.51,0.96,4.67,Wheat,Vegetative,Low
25.11,61.86,53.02,3.28,7.46,Maize,Seedling,Moderate
26.35,81.12,64.05,107.35,15.82,Rice,Vegetative,High
29.16,29.52,26.75,9.47,7.97,Maize,Seedling,Low
17.38,67.11,36.58,3.06,9.04,Wheat,Maturity,Low
35.22,33.7,34.1,2.83,5.77,Potato,Vegetative,Low
26.21,27.66,32.14,31.78,4.79,Potato,Seedling,Low
34.79,28.85,20.75,48.2,9.06,Potato,Seedling,Low
20.6,85.89,52.6,7.42,16.69,Tomato,Flowering,High
35.91,33.61,37.44,0.53,7.13,Wheat,Flowering,Low
